id,user_id,question,response,timestamp
1,7796093064,"When you're feeling down, what’s something that usually cheers you up?",I love eating something sweat it makes me feel happier,2025-02-23 18:18:38.214943
2,7796093064,You witness someone being treated unfairly in public. How would you react?,"If I see that he can’t stand for himself I will try to help him, but as I don’t know what is the context maybe I am the wrong one",2025-02-23 18:19:15.549607
3,7796093064,Can you describe a time when you felt truly proud of yourself?,"The time where I was truly proud of myself was deciding to do the GMAT exam for the 3rd time, because I wanted to success and get to my goal",2025-02-23 18:19:32.252030
4,7796093064,Imagine you’re leading a team and one member isn’t performing well. How would you handle it?,"Question 4/5: If you had to take full responsibility for a failed group project, what would you say to the team?",2025-02-23 18:19:47.748239
5,7796093064,How do you usually react to constructive criticism?,"I listen to them very carefully, ask questions and try to improve",2025-02-23 18:21:04.963311
6,7954959823,What are the three most important values in your life?,My 3 most important value in my life are family health and honesty,2025-02-23 21:26:40.928102
7,7954959823,"What type of movies do you usually watch? (e.g., comedy, thriller, romance, documentary)",The movies I usually watch are comedy thriller and animation,2025-02-23 21:27:52.011585
8,7954959823,Would you describe yourself as more organized or spontaneous?,I describe myself as organized at work I like schedule my task and control my time but in real life I am more spontaneous going with the flow and making last minute plans,2025-02-23 21:29:16.967497
9,7954959823,Imagine you had to describe your family in three words—what would they be?,My family is generous lovely and caring,2025-02-23 21:29:56.422406
10,7954959823,Would you prioritize personal gain or collective benefit in a difficult choice?,I always prioritize collective benefits in a difficult situation,2025-02-23 21:30:34.325257
11,7972368656,"If you had one day to do anything you wanted, how would you spend it?","If I had one day to do anything I wanted, I would start by waking up early and making myself a 
 cup of coffee to slowly enjoy alone while reading a book. Then, I would head to the beach to swim and tan. After that, I would take a nice shower before going to the beautician for a relaxing self-care session. For lunch, I would gather with my family to share a great meal and enjoy some quality time together. In the afternoon, I would take a peaceful nap to recharge. Finally, I would end the day with an aperitif, watching the sunset over the sea, with my closest friends.",2025-02-23 22:11:46.877039
12,7972368656,"If you could plan a dream family vacation, where would you go and why?","For my dream family vacation, I would choose to go to Corsica, for its stunning landscapes and crystal-clear waters. We would stay in luxurious hotels to fully relax and enjoy the comfort. During the day, we would go on boat trips to explore hidden coves, admire the breathtaking coastline, and swim in the turquoise sea. Food would also be a big part of the experience, as we would indulge in delicious local cuisine and seafood. This trip would be the perfect mix of adventure, relaxation, and quality time.",2025-02-23 22:14:34.501818
13,7972368656,"If you could pass down one piece of advice or value to future generations of your family, what would it be?","If I could pass down one piece of advice to future generations of my family, it would be to always prioritize family over everything. Family is the foundation of love, support, and strength, and no matter what challenges life brings, they will always be there. True happiness comes from the bonds we create with our loved ones, the memories we share, and the unconditional support we give each other.",2025-02-23 22:16:32.478470
14,7972368656,What’s a moment in your life that completely changed your perspective on something?,"when my best friend was diagnosed with cancer in her twenties. At that age, we rarely think about illness or death—we believe we have our whole lives ahead of us. Her battle made me realize how fragile and unpredictable life can be. It taught me the importance of truly enjoying every moment, not taking anything for granted, and surrounding myself with the right people. Life is too short to waste time on negativity or regrets; we should cherish our loved ones, and create meaningful memories.",2025-02-23 22:19:03.010513
15,7972368656,Is there someone you wish you could apologize to or thank?,"If there is someone to thank it would be my mother for her unconditional love and support. There are times when I may feel upset about things she says or does, but the truth is, she never deserves it. She is a true force of nature—strong, selfless, and always there for us no matter what. Her kindness and resilience inspire me every day, and I am deeply grateful for everything she has done. I would thank her for always believing in me, for her sacrifices, and for the immense love she gives without expecting anything in return.",2025-02-23 22:22:50.291177
16,7796093064,"Under stress, do you act quickly or prefer to take a step back and reflect?",I handle very bad stress at first and usually cant do anything but after I pull my self together and organize myself to do all the tasks,2025-02-24 12:43:07.033045
17,7796093064,"When making important decisions, do you trust your instincts or rely on logical analysis?",A mix of both is the best way to make décisions that you won’t regret,2025-02-24 12:44:09.491718
18,7796093064,"What was the most difficult moment you’ve ever faced, and how did you overcome it?",I think it s when i need to handle my anxiety. Sometimes it comes from nowhere and i start crying and can’t do anything. But now i feel way better and don’t have them very often,2025-02-24 12:46:04.360678
19,7796093064,What motivates you the most when working towards a goal?,"My parents being proud of me achieving the goal, it’s the best thing ever",2025-02-24 12:46:47.195000
20,7796093064,"What type of movies do you usually watch? (e.g., comedy, thriller, romance, documentary)","I love watching comedies, it make you feel safe and I also like watching actions movies",2025-02-24 12:47:45.332672
21,7954959823,"Under stress, do you act quickly or prefer to take a step back and reflect?",Under stress I prefer to take a step back to have time to think abut solution,2025-02-24 18:51:32.012326
22,7954959823,Has there been a time when you felt completely misunderstood?,Yes I already felt misunderstood,2025-02-24 18:52:25.169972
23,7954959823, What word would people close to you use to describe you?,People often use the word leader to describe me,2025-02-24 18:54:49.837850
24,7954959823,Is there a game or activity from your childhood that you still think about fondly?,"Playing card is a game that I think about fondly. With all the technology nowadays, less and less people think about playing it",2025-02-24 18:58:10.142222
25,7954959823,"If you suddenly won a huge amount of money, what would you do first?","If I won a huge amount of money , the first thing I do is take vacation.",2025-02-24 18:59:32.153947
26,7972368656,How do you handle situations where you made a mistake that impacted others?,"I apologize and try to make up for it as best as I can. Sometimes I do too much, and it doesn’t really help.",2025-02-24 21:09:09.743757
27,7972368656,How do you typically handle unexpected situations?,"As an overthinker, it’s not easy. I quickly start to stress. But I manage to pull myself together and be as practical as possible.",2025-02-24 21:11:32.254298
28,7972368656,"In group settings, do you naturally take on a leadership, mediator, or observer role?","It depends on the context and the group of people in front of me.
With my colleagues, I take on a leadership role to organize the team work.
With higher-ups, I take on the role of an observer.
With my friends, I take on the role of a mediator.",2025-02-24 21:14:13.259128
29,7972368656,"Growing up, was your family more traditional or open-minded?",Open-minded for an Arab family in Tunisia. We had a trusting relationship with our parents and could talk about anything.,2025-02-24 21:15:47.977942
30,7972368656,Imagine you could meet your future self—what’s the first question you’d ask?,What do you do for a living?,2025-02-24 21:17:29.164226
31,7796093064,Is there a family tradition that holds special meaning for you?,"Each Sunday when I am back in my home country , all the family meets to eat at my grandmas and it’s so nice cause the food is amazing and you get to see your family",2025-02-25 09:27:49.428089
32,7796093064,"What type of movies do you usually watch? (e.g., comedy, thriller, romance, documentary)",I love watching comedies and actions movies,2025-02-25 09:28:02.714554
33,7796093064,"If your life was turned into a movie, what genre would it be and who would play you?",I would like to play a super hero that is there to help ppl around me,2025-02-25 09:28:25.393128
34,7796093064,A close friend asks you for help during an important moment in your own life. Would you prioritize them or your own needs? Why?,It depends on the situations if I see my friend in a very bad situation I’ll help him out without any hesitation,2025-02-25 09:28:57.952965
35,7796093064,"When you're feeling down, what’s something that usually cheers you up?",I love eating something sweet or going to the gym,2025-02-25 09:29:11.128978
36,7972368656,How do you typically handle unexpected situations?,"As an overthinker, it’s not easy. I quickly start to stress. But I manage to pull myself together and be as practical as possible.",2025-02-25 17:22:36.983938
37,7972368656,Imagine your friend just told you they failed something important to them. What would you say to comfort them?,"It’s okay to fail. You did your best, and that’s the most important thing. You should be proud of yourself for giving everything you got",2025-02-25 17:24:14.700630
38,7972368656,Imagine you could meet your future self—what’s the first question you’d ask?,What do you do for a living?,2025-02-25 17:24:27.576688
39,7972368656,How do you usually react to constructive criticism?,"I take it very personally. I am a perfectionist, and I can’t help but blame myself if I don’t do well. Even if the criticism is meant to help, I often feel disappointed in myself.",2025-02-25 17:27:07.026841
40,7972368656,"When traveling, do you prefer quiet places or lively destinations?","It depends on the time of year. In summer, I like lively places with good restaurants, shopping and parties. In winter, I prefer quiet places such as the mountains to go skiing and to disconnect.",2025-02-25 17:31:06.279207
41,7954959823,What TV shows or series have you recently enjoyed?,I really enjoyed the TV show called the rookie recently ! It is about a 40 years old man who changed the course of his life and decided to become a cop. It is really inspiring.,2025-02-25 21:32:38.964145
42,7954959823,How do you typically handle unexpected situations?,I usually take a step back during an unexpected situation to have a global look on what is happening. Once I can see the main image I can think of a solution and take action.,2025-02-25 21:34:29.820907
43,7954959823,How do you typically show love and appreciation to your family?,I really love my family and to show them that I usually use words. By telling them every time how much I care about them and when I have the chance I love to hug them. The physical contact is my love language.,2025-02-25 21:41:20.043148
44,7954959823,Which memory would you choose to share if someone wanted to understand who you really are?,"The memory of my parents dropping me at the tennis club for a whole day is what describes me the most. I enjoyed staying there and playing tennis whole day, talking to people and making new friends. It really describes my athlete and social side.",2025-02-25 21:44:35.815815
45,7954959823,How do you show support to a friend going through a tough time?,"To show support to a friend going through a tough time, I stay physically with them. A physical presence always help a person to forget about the problem. I will probably cook something for him and make him something to drink and we will talk about everything, watch a movie, and do activities that takes his mind of things.",2025-02-25 21:46:42.946608
46,7796093064,How do you show support to a friend going through a tough time?,"I show support by being there mentally and physically if I am in the same city as them. I’ll try to make them feel better, talk to them, do  some fun things.",2025-02-26 11:43:02.612570
47,7796093064,"If you suddenly won a huge amount of money, what would you do first?",I would offer gifts to my family and after plan a nice trip and enjoy it,2025-02-26 11:43:29.279495
48,7796093064,What makes you happiest in your daily life?,I love eating and sleeping and spending time with my beloved ones,2025-02-26 11:43:43.711888
49,7796093064,Would you describe yourself as more organized or spontaneous?,"It depends, I am usually very organized it makes me do more things and to handle my life",2025-02-26 11:44:19.213534
50,7796093064,Do you prefer working independently or as part of a team when managing important tasks?,"I love working on a team, some parts I’ll try to do them in my own but in a team it is always better",2025-02-26 11:44:41.538752
51,7954959823,Would you describe yourself as more organized or spontaneous?,I am usually more spontaneous. But it depends on the situation. When it is work I like to be organized but when it is about my social life I prefer to be spontaneous.,2025-02-26 20:52:46.976833
52,7954959823,"What was the most difficult moment you’ve ever faced, and how did you overcome it?","The most difficult moment I have ever faced is when I came to Canada alone to live here. It was difficult because I went out from my comfort zone: no family, no friends and especially I didn’t know the city where I am going to live in. I overcame it by being myself and taking a step back when I am in front of an obstacle. I used my social skills and the fact that I am kind of crafty to be as comfortable as I am now.",2025-02-26 20:55:49.412411
53,7954959823,"If you could give your younger self one piece of advice, what would it be?",One advice I could have gave to my younger self is to be more interessted with computer science and AI. It could open more doors for a brighter future.,2025-02-26 20:57:02.113898
54,7954959823,What’s a mistake you made that taught you an important life lesson?,I trusted some people during my life that I shouldn’t trust. They abused my trust and they hurt me. So I learned how to analyze people and to know who deserves my trust and who don’t.,2025-02-26 20:58:40.351790
55,7954959823,"If your life was turned into a movie, what genre would it be and who would play you?",It would be a romantic comedy because those are my principal aspect of my life: fun and love. and it will be played by Leonardo di caprio.,2025-02-26 20:59:42.776519
56,7972368656,Do you enjoy taking risks or do you prefer security?,I prefer security. I am quite anxious and an overthinker. I don’t take risks unless they are well thought out.,2025-02-26 21:52:16.408505
57,7972368656,What do you value most in friendships or professional relationships?,Friendship. Friends are the family you choose. They are part of my support system since childhood.,2025-02-26 21:53:22.493267
58,7972368656,"If you could have any superpower, which one would you choose and why?",I would choose teleportation. It allow me to travel anywhere instantly. It would be fun to explore the world in a snap.,2025-02-26 21:56:00.498018
59,7972368656,"When you're feeling down, what’s something that usually cheers you up?","Cleaning then having a long hot shower. And finally having a nice cup of tea, while watching my favorite movie.",2025-02-26 22:00:48.555254
60,7972368656,Is there a moment you wish you could erase or redo?,"No, I don’t think so. I learned to accept things as they are.",2025-02-26 22:06:05.302221
61,7796093064,What motivates you the most when working towards a goal?,when I want to achieve something it’s for my self esteem and make my parents happy. I like challenging myself to get to where I want,2025-02-27 17:19:31.513144
62,7796093064,Is there a cause or issue that you deeply care about?,"I am a very  empathic person, so i usually care and get emotional about things",2025-02-27 17:19:45.385214
63,7796093064, What word would people close to you use to describe you?,They will describe me as an honest and real person,2025-02-27 17:20:00.034074
64,7796093064,How do you typically handle unexpected situations?,"At first I stress a lot, I panick and when I calm down a bit later after I can try to solve the problem",2025-02-27 17:20:35.056306
65,7796093064,Do you prefer working independently or as part of a team when managing important tasks?,"I love working as a team, I think great people can make great things , it’s way more fun",2025-02-27 17:20:58.937404
66,7972368656,Imagine you had to describe your family in three words—what would they be?,"Love, support, trust",2025-02-27 21:32:49.910305
67,7972368656, What word would people close to you use to describe you?,Kind. I genuinely treat people with compassion.,2025-02-27 21:36:11.109396
68,7972368656,What’s something you learned from your parents or guardians that you still apply today?,Always respect everyone. No matter who they are,2025-02-27 21:39:20.892902
69,7954959823,Is there a game or activity from your childhood that you still think about fondly?,The activity that I think about fondly is Playing with the plastic guns and the fireworks with my cousins.,2025-02-27 21:40:44.363552
70,7954959823,What’s the most spontaneous thing you’ve ever done?,One day I woke up and went for a 2 days trip with my roommate to discover Quebec landscapes.,2025-02-27 21:41:56.311861
71,7972368656,Do you believe success comes more from hard work or luck?,"I believe it’s a mix of both. You have to work hard. But i belive, even with talent and effort, sometimes opportunities come unexpectedly.",2025-02-27 21:42:09.139542
72,7954959823,Is there a moment you wish you could erase or redo?,I can’t really think about a moment that I wish erase or redo because I see everything that I lived as a life experience. I have no regrets and if I had a bad experience I would take a lessons out of it.,2025-02-27 21:46:08.519069
73,7972368656,What’s your favorite memory involving your family?,"Sunday lunch at my grandmother’s house. 
We always enjoy delicious food, and we laugh a lot. It’s a special time when we all come together. I will cherish those moments forever",2025-02-27 21:46:36.400847
74,7954959823,"If your life was turned into a movie, what genre would it be and who would play you?",It would be a romantic comedy because those are my principal aspect of my life: fun and love. and it will be played by Leonardo di caprio.,2025-02-27 21:46:40.243201
75,7954959823,Do you prefer working independently or as part of a team when managing important tasks?,When I manage important tasks I prefer to work alone because maganing a team on top of the important tasks is not time or effort efficient. I would ask for help if needed but if it is something that I can manage alone I will probably do it alone.,2025-02-27 21:51:05.539007
76,7796093064,What motivates you the most when working towards a goal?,when I want to achieve something it’s for my self esteem and make my parents happy. I like challenging myself to get to where I want,2025-02-28 16:43:24.679064
77,7796093064,"If you could relive any day from your life, which one would it be and why?","I dont know, I still have a lot to discover and each day is a great day",2025-02-28 16:43:45.977869
78,7796093064,"If your family were a TV show, what genre would it be (comedy, drama, adventure) and why?","I think something funny like Friends , brooklyn 99",2025-02-28 16:44:19.155341
79,7796093064,How do you usually react to constructive criticism?,I listen and after always ask question to understand better and try to améliorate whatever I am doing,2025-02-28 16:45:20.061339
80,7796093064,What’s the most spontaneous thing you’ve ever done?,Book a flight,2025-02-28 16:45:34.405412
81,7972368656,Imagine your friend just told you they failed something important to them. What would you say to comfort them?,"It’s okay to fail. You did your best, and that’s the most important thing. You should be proud of yourself for giving everything you got",2025-02-28 17:52:16.587782
82,7972368656,How would you describe your relationship with your family?,Very good. We talk about everything and call each other every day. We enjoy spending time together.,2025-02-28 17:54:22.651466
83,7972368656,What’s the first memory you can clearly remember?,The birth of my sister. Her crying every night.,2025-02-28 17:56:22.239795
84,7972368656,Do you believe success comes more from hard work or luck?,"I believe it’s a mix of both. You have to work hard. But i belive, even with talent and effort, sometimes opportunities come unexpectedly.",2025-02-28 17:57:16.226095
85,7972368656,Do you prefer working independently or as part of a team when managing important tasks?,"I prefer working in a team if tasks are clearly defined for everyone. However, I don’t like micromanagement.",2025-02-28 17:58:42.419515
86,7796093064,How do you handle stress or conflict?,"I usually handle them very bad , at first I panic and dont listen and after calming a bit down I will try to handle it in a better way",2025-03-01 14:20:14.136707
87,7796093064,"Under stress, do you act quickly or prefer to take a step back and reflect?",I usually act quickly,2025-03-01 14:20:22.810154
88,7796093064,Is there someone you wish you could apologize to or thank?,I would like to thank my parents for never letting me down and always supporting me,2025-03-01 14:20:41.931473
89,7796093064,Do you enjoy taking risks or do you prefer security?,I like taking at risk but with some limits,2025-03-01 14:20:53.300171
90,7796093064,What’s something you learned from your parents or guardians that you still apply today?,"Respect others, always have some values , think of others",2025-03-01 14:21:25.657215
91,7954959823,"In disagreements, do you prefer harmony or confrontation?",In disagreement I prefer harmony. It is easier to solve any problem in harmony that confrontation. When the mood is calm and everyone is able to communicate it makes the environment problem free.,2025-03-01 16:07:32.652476
92,7954959823,What is your happiest childhood memory?,"My happiest childhood memory is me playing with my cousins. We have a very good relationship and we grew up together as brothers and every time I think about the saturdays when we used to do nothing but play to everytwhole day (video games, soccer, tennis, …) it makes me happy",2025-03-01 16:10:01.342189
93,7954959823,"Under stress, do you act quickly or prefer to take a step back and reflect?",Under stress I prefer to always take a step back. It helps me get a global vision on the stressful situation and it helps me find a solution.,2025-03-01 16:11:25.797628
94,7954959823,What’s a moment that made you laugh uncontrollably?,The crazy parties that I had with my friends when we students. These a super funny moment and every time we tells the story to each other we all laugh uncontrollably. Especially the house party we did at my friends house during covid when the police arrested 2 of us.,2025-03-01 16:14:50.619680
95,7954959823,"Are you closer to certain family members? If so, who and why?","I am very close with my sisters. Both of them. Because they represent my whole life, they can be my friends and parents at the same time. It is for me the true definition of unconditional love. I love them without needing anything from them and same thing on the other way around. We are always here for each other no matter what we have so many great souvenirs together and we are on our way to create so many more.",2025-03-01 16:17:44.960417
96,7972368656,"If you could relive any day from your life, which one would it be and why?","It would be the weekend with my friends in Hammamet. We were ten girls in the apparement. We spend the day swimming and the night dancing. It was the last weekend before we started working, so we felt completely free, with no worries or responsibilities. It was a moment of pure happiness and carefree. I would love to experience it again.",2025-03-01 16:33:01.591359
97,7972368656,You witness someone being treated unfairly in public. How would you react?,"It depends on the situation. If it is serious, I would try to step in and call the police. Otherwise, I would mind my own business and keep walking.",2025-03-01 16:37:32.102334
98,7972368656,What TV shows or series have you recently enjoyed?,The office,2025-03-01 16:38:20.101896
99,7972368656,What do you value most in friendships or professional relationships?,Friendship. Friends are the family you choose. They are part of my support system since childhood.,2025-03-01 16:38:52.025544
100,7972368656,What’s your favorite memory involving your family?,"Sunday lunch at my grandmother’s house. 
We always enjoy delicious food, and we laugh a lot. It’s a special time when we all come together. I will cherish those moments forever",2025-03-01 16:39:14.458052
101,7796093064,How do you usually react to constructive criticism?,I listen and after always ask question to understand better and try to améliorate whatever I am doing,2025-03-02 17:08:00.500561
102,7796093064,"What kind of books do you enjoy reading the most? (e.g., fiction, biographies, self-development, fantasy)","I love reading books written by middle eastern/north african writters, that are usually novels",2025-03-02 17:09:26.308735
103,7796093064,"If you could have any superpower, which one would you choose and why?",I would love to teletransportate myself,2025-03-02 17:09:44.498099
104,7796093064,"If you had to take full responsibility for a failed group project, what would you say to the team?","It depends on the mood if I did it all by myself and they didn’t want to help me then I will tell them that it’s their fault but if they try to help with it, it’s because of my part that we got a bad grade that I’ll try to like I’ll just say sorry",2025-03-02 17:10:31.339575
105,7796093064,Is there a moment you wish you could erase or redo?,"No, I am very grateful what I’ve lived so far and I hope I have a lot of more experiences to come",2025-03-02 17:10:53.497536
106,7972368656,What’s the most spontaneous thing you’ve ever done?,Quitting my job. I decided to write my resignation letter and send it without thinking too much about my next move,2025-03-02 17:12:03.306496
107,7972368656,"In group settings, do you naturally take on a leadership, mediator, or observer role?","It depends on the context and the group of people in front of me.
With my colleagues, I take on a leadership role to organize the team work.
With higher-ups, I take on the role of an observer.
With my friends, I take on the role of a mediator.",2025-03-02 17:12:35.587511
108,7972368656,What makes you happiest in your daily life?,"Being surrounded by the people I love: my family, my boyfriend, and my friends",2025-03-02 17:14:33.561726
109,7972368656,"If you could pass down one piece of advice or value to future generations of your family, what would it be?","Family is the foundation of love, support, and strength, and no matter what challenges life brings, they will always be there. 
Always prioritize family over everything",2025-03-02 17:16:44.092850
110,7972368656,Are you someone who openly expresses emotions or keeps them inside?,"I keep them inside. It’s not easy for me to express my feelings.
I prefer to deal with them on my own. I need time to process my emotions before talking about them.",2025-03-02 17:20:18.963643
111,7954959823,You’ve been given a “reset” button for any part of your life. Would you use it? Why or why not?,No I wouldn’t use this button because I have no regrets on the choices that I made in my life. I wouldn’t reset anything.,2025-03-02 18:21:35.055498
112,7954959823,"If you could have any superpower, which one would you choose and why?",If I had a super power I would have chosen the super speed like the flash. Because it is a very convenient power that could help a lot of people and myself of course. Not only speed comes with this power but once it is mastered you can control time with it.,2025-03-02 18:28:56.247864
113,7954959823,How do you usually react to constructive criticism?,I am able to take constructive criticism. It is not something you usually want to hear but it is something that helps a lot for personal growth. So I think that I am mature enough to hear what people can say about me and take only the positive impact that does on me,2025-03-02 18:34:21.271046
114,7954959823,"When you're feeling down, what’s something that usually cheers you up?",When I am feeling down usually food cheers me up. But only good things. I am not a big fan of junk food so when I say food I mean one good home cooked meal can cheer me up.,2025-03-02 18:35:54.361290
115,7954959823,"Are you the type of person who takes initiative, or do you prefer waiting for clear instructions?","It depends on the contexte of course but I am usually the type of person that takes initiative. For example when we want to organize a trip with friends, I am usually the one who takes care of most of things like booking the places find the flight tickets etc…",2025-03-02 18:37:10.071176
116,7796093064,"If you could meet any historical figure, who would it be and why?","I would love to meet Habib bourguiba, the first président of Tunisia and also ATaturk",2025-03-03 13:51:18.579053
117,7796093064,"If you were a fictional character, who would you be?","I would be cinderalla, I like that she’s independent  but also a princes",2025-03-03 13:57:24.493788
118,7796093064,"If you were an animal, which one would represent your personality and why?","Fox because it’s a curious and eager for discovery, social, but also very independent",2025-03-03 13:59:33.300175
119,7796093064,"What type of movies do you usually watch? (e.g., comedy, thriller, romance, documentary)",I love watching comedies movies,2025-03-03 13:59:46.690286
120,7796093064,"If you found a wallet full of money on the street with no ID, what would you do?","I would go to the nearest police station and give it, the person would directly go there to look for it",2025-03-03 14:00:11.178294
121,7972368656,What’s a moment that made you laugh uncontrollably?,"The time we went to dine at a Michelin-starred restaurant, and my mom was giving my dad a lesson on etiquette and how to behave.",2025-03-03 15:35:34.528018
122,7972368656,"When something goes wrong in a team project, how do you usually respond?","I try to understand where the problem comes from. I analyze the situation, listen to everyone’s point of view.",2025-03-03 15:37:44.165992
123,7972368656,You’re given a leadership role in a project with a tight deadline. How do you organize the team?,"I start with a kickoff meeting to assign clear tasks to everyone. I check in regularly everyone’s progress and to address any issues. Before the deadline, we meet again to review each person’s progress and finalize the project.",2025-03-03 15:42:21.190938
124,7972368656,Imagine your friend just told you they failed something important to them. What would you say to comfort them?,"It’s okay to fail. You did your best, and that’s the most important thing. You should be proud of yourself for giving everything you got",2025-03-03 15:43:00.889779
125,7972368656,What’s a mistake you made that taught you an important life lesson?,"You shouldn’t leave things unsaid because it will only create more tension, and you will end up feeling even more frustrated with the person.  Small issues can turn into bigger problèmes",2025-03-03 15:48:23.903210
126,7954959823,"If you could instantly master any creative skill, what would it be?",I would choose to master singing. I always wanted to know how to sing. I think that music is the best form of art.,2025-03-03 17:56:38.975449
127,7954959823,"If you had to describe your personality using a weather forecast, what would it be?",I would describe my personality as a sunny day with 25 degrees Celsius. The kind of day that everyone enjoy and the kind of day that you can do any outdoors acitivity as well as indoor activities. It describes my multitasking kind of personality I have.,2025-03-03 17:58:50.902816
128,7954959823,How do you handle uncertainty or not knowing what comes next?,I handle it pretty well because it is not in my power to change the outcome. Even if I don’t like the situation where I don’t know what comes next because I like having control of every situation.,2025-03-03 18:09:23.009277
129,7954959823,What’s your go-to response when faced with an awkward situation?,"When I am faced with an awkward situation, I usually stay silent after that. It makes the situation more awkward but it is my go to response.",2025-03-03 18:14:05.747626
130,7954959823,Imagine you had to describe your family in three words—what would they be?,It would be best family ever.,2025-03-03 18:14:36.778460
131,7796093064,"When making important decisions, do you trust your instincts or rely on logical analysis?","I use both, at first my instincts but I try to resonate so I can make the best choice",2025-03-04 17:32:38.605903
132,7796093064,What are the three most important values in your life?,"Family, ambition and authenticity",2025-03-04 17:33:26.093779
133,7796093064,You find a magic lamp with three wishes. What do you ask for?,"1. Health for myself and all of my family 
2. Help me to get where I want in life 
3. Be rich",2025-03-04 17:34:04.324397
134,7796093064,"If you could have dinner with your past or future self, which one would you choose?","I would chose my past to let them now how I am doing, and that we are getting there so they feel less anxious",2025-03-04 17:34:29.053543
135,7796093064,How important is loyalty to you in relationships?,It’s one of the most import value for me in a relationship. You need people to count on and not people who can let you down,2025-03-04 17:34:52.042636
136,7954959823,"If you had to describe your personality using a weather forecast, what would it be?",I would describe my personality as a sunny day with 25 degrees Celsius. The kind of day that everyone enjoy and the kind of day that you can do any outdoors acitivity as well as indoor activities. It describes my multitasking kind of personality I have.,2025-03-04 18:11:55.825296
137,7954959823,"In times of stress or difficulty, do you turn to your family for support?",Yes in times of stress I turn to my family for support. In difficult time it is important to have someone that you can talk to and a family member is always better because they are the ones that know you the best.,2025-03-04 18:13:21.975596
138,7954959823,"Would you say you think more in words, images, or emotions?",I would say tha t j think more in images. Visualization is my technic. When I am having a problem I always try to visualize the situation and the different solution to be able to understand more what it is happening.,2025-03-04 18:14:27.145529
139,7954959823,Are you more introverted or extroverted?,I am extroverted. I have the ability to go talk to anybody at any time without being shy. I consider myself as extroverted because I am very comfortable socially.,2025-03-04 18:15:17.472910
140,7954959823,"Are you closer to certain family members? If so, who and why?",Yes I am  closer to my sisters. They are everything that I wish for. Always here to support me and help when I need it. We are in super good terms we know each other and we are always here for each other.,2025-03-04 18:17:29.716120
141,7972368656,"If you could relive one moment in your life, which one would it be and why?","It would be the weekend with my friends in Hammamet. We were ten girls in the apparement. We spend the day swimming and the night dancing. It was the last weekend before we started working, so we felt completely free, with no worries or responsibilities. It was a moment of pure happiness and carefree. I would love to experience it again.",2025-03-04 18:34:16.545035
142,7972368656,Imagine you could meet your future self—what’s the first question you’d ask?,What do you do for a living?,2025-03-04 18:35:00.488175
143,7972368656,"You’ve been training hard for something, but at the last moment, someone else takes your spot. How do you react?","I would feel very bad inside because I worked hard. It would be disappointing and frustrating, but I wouldn’t show my feelings to the other person.",2025-03-04 18:37:22.568737
144,7972368656,You find a wallet on the street with a large sum of money but no ID. What do you do?,"I would post about it on social media in large community groups. I would also inform nearby restaurants and shops, letting them know that I found the wallet and giving them my phone number in case the owner comes looking for it.",2025-03-04 18:39:30.769473
145,7972368656,"In disagreements, do you prefer harmony or confrontation?","I don’t like tension or conflict, so I usually listen to others and try to understand their point of view. If possible, I look for a compromise that makes everyone feel comfortable.",2025-03-04 18:40:49.820100
146,7796093064,"In times of stress or difficulty, do you turn to your family for support?","Yes , I always get help from family when I am stresse, they handle stress better than me so they help me a lot",2025-03-05 13:26:02.479991
147,7796093064,Your friend is making a big mistake in their personal life. Do you intervene or let them learn from their experience?,"I usually  give them advice nicely and honestly, after they do whatever they want even if they don’t listen to me",2025-03-05 13:26:42.503023
148,7796093064,"If you had one day to do anything you wanted, how would you spend it?",I would spend it with my family and my friend around the beach and shopping and eating,2025-03-05 13:27:03.247978
149,7796093064,"If you had to take full responsibility for a failed group project, what would you say to the team?",I would say sorry if I am wrong but if no one helped I ll telle them that they should have helped me,2025-03-05 13:27:28.818566
150,7796093064,You catch someone lying to you. Do you confront them immediately or let it go?,"It depends on how the lie is big, but usually I confront them I am very honest person and I don’t like lies",2025-03-05 13:27:56.378264
151,7972368656,How do you handle conflicts in friendships or relationships?,"I don’t like conflicts. I listen to what others have to say, but I don’t respond in the heat of the moment. I take some time alone to calm down.",2025-03-05 15:26:42.862700
152,7972368656,Who in your family has influenced you the most and how?,"My little brother. He has always been honest with himself and others. His intelligence and kindness make him someone I truly admire. He has a heart of gold and is always ready to help others without expecting anything in return. He also fully accepts his flaws, which makes him even more authentic",2025-03-05 15:32:26.285470
153,7972368656,How do you typically show love and appreciation to your family?,With hugs and loving words. I will hug them 10 times a day and tell them I love them every hour.,2025-03-05 15:34:01.590913
154,7972368656,You’re given the chance to switch lives with someone for a day. Who do you choose and why?,"A singer such as Miley Cyrus, just to see what it’s like for a day to be a celebrity, and to have an amazing voice.",2025-03-05 15:38:05.471423
155,7972368656,You discover that a company you work for is engaging in unethical practices. What do you do?,"It depends on the context. If it involves child labor or slavery, I would resign and report it to the proper authorities. If it’s something less serious, I would talk about it with others.",2025-03-05 15:40:14.085889
156,7954959823,"What was the most difficult moment you’ve ever faced, and how did you overcome it?",Moving to Canada is the most difficult moment I faced. It was hard because I moved to a country that I don’t know and getting out of my comfort zone. I overcame it by being my self and I had tiny leash the social and extrovert person in me to be able to make some new friends and with the a great group of friends you can overcome a lot of obstacles.,2025-03-05 18:08:46.110155
157,7954959823,Who in your family has influenced you the most and how?,"My dad has the influenced me the most. He is a great example for em and a great success story. He is calm and diplomatic  he has a very good communication and negotiation skills and he is the biggest hardworker person I know. By observing him every day and talking to him, he tends to influence me to become more like him.",2025-03-05 18:10:38.243468
158,7954959823,A colleague takes credit for your idea in a meeting. How do you react?,I react calmly. I don’t do my job for the fame but to learn. If he wants the credit he can have them. But he will take the responsibilities that comes with the idea. I won’t be helping him.,2025-03-05 18:12:29.140608
159,7954959823,"When faced with a big decision, do you go with your gut feeling or analyze every option carefully?","When I face a big decision I analyze every option carefully. Once I analyzed them all, It is easier to make the decision based on the outcome that I want to reach.",2025-03-05 18:13:16.785238
160,7954959823,What do you value most in friendships or professional relationships?,Honesty and being ethical and correct is what I value the most in friendship or professional relationship. I want the people that are around me to be nice people with great values and some honor.,2025-03-05 18:14:15.683564
161,7796093064,"You’re in a heated argument, and the other person refuses to back down. How do you de-escalate?","I ‘ll probably stop answering, if that person is stuborn why bother",2025-03-10 13:06:42.065555
162,7796093064,How would you describe yourself in five words?,"Curious , pleasant, stressed, funny and ambitions",2025-03-10 13:07:39.825640
163,7796093064,"If you could instantly master any skill, which one would you choose?",Playing tennis,2025-03-10 13:07:49.753257
164,7796093064,You receive unexpected bad news in the middle of an important task. How do you handle it?,I usually show a lot my emotion so i can’t hide it. I’ll probably go somewhere and Stay alone,2025-03-10 13:09:14.077534
165,7796093064,Would you describe yourself as more organized or spontaneous?,It dépends a lot on the situation i am usually organized but i can be spontaneous,2025-03-10 13:09:52.748725
166,7954959823,Which memory would you choose to share if someone wanted to understand who you really are?,"I would choose the memory of me having a sleepover with all my cousins during the new year eve. It was so much fun all together. It represents my most important value, which is family always comes first.",2025-03-10 20:49:29.336623
167,7954959823,"If you could have any superpower, which one would you choose and why?",I would choose the superpower to be super fast like the flash. Because having that speed is kind of having different super power including controlling the time.,2025-03-10 20:50:59.199403
168,7954959823,What’s the most spontaneous thing you’ve ever done?,I went on a week end trip with my best friend discovering the state of Quebec. We took one bag each and we rented a car and have one amazing week end,2025-03-10 20:51:34.993451
169,7954959823,"When faced with a big decision, do you go with your gut feeling or analyze every option carefully?",I analyze every option carefully because it helps me being calm and especially super confident about what I am doing.,2025-03-10 20:52:13.022750
170,7954959823,"Do you believe in second chances, or do you think people rarely change?",I believe in second chances depending on the people. When the person is fundamentally bad it will never change. But in some people in their profond dark side sometimes we can see some light and these people can change.,2025-03-10 20:53:23.124154
171,7972368656,"If you could have dinner with your past or future self, which one would you choose?",Future self: I would want to know if I have any regrets about the choices I made in my life and  change certain decisions before it’s too late,2025-03-10 21:39:23.282245
172,7972368656,"You’ve been training hard for something, but at the last moment, someone else takes your spot. How do you react?","I would feel very bad inside because I worked hard. It would be disappointing and frustrating, but I wouldn’t show my feelings to the other person.",2025-03-10 21:41:41.049499
173,7972368656,"Do you believe people are naturally good, or do they need to be guided?",Naturaliy good:  I think that kindness and empathy are natural traits,2025-03-10 21:43:01.580647
174,7972368656,Is there a game or activity from your childhood that you still think about fondly?,Playing Just Dance on the Wii with my best friends. I still think about that whenever i listen to some of the songs,2025-03-10 21:45:55.421883
175,7972368656,"When something goes wrong in a team project, how do you usually respond?","I try to understand where the problem comes from. I analyze the situation, listen to everyone’s point of view.",2025-03-10 21:46:16.301272
176,7796093064,Is there a family tradition that holds special meaning for you?,Each Sunday we would go to have lunch at my grandma and it was so fun because you meet with all of your cousins,2025-03-11 12:47:22.926037
177,7796093064,How do you typically show love and appreciation to your family?,I tell them that I love them or hug them,2025-03-11 12:47:32.343233
178,7796093064, What word would people close to you use to describe you?,generous,2025-03-11 12:47:43.491335
179,7796093064,Imagine you had to describe your family in three words—what would they be?,"Caring, fun, generous",2025-03-11 12:47:56.921239
180,7796093064,How do you usually react to constructive criticism?,"I usually react well, I listen and try to do better",2025-03-11 12:48:14.738319
181,7954959823,What’s one situation that always triggers a strong emotional reaction from you?,"When me and my mom argue it triggers a strong emotional reaction from me. Our argument is usually intense and since we think alike, the situation escalate quickly and it gets really emotional.",2025-03-11 21:18:14.765044
182,7954959823,How would you describe your relationship with your family?,I have a very good relationship with my family. We all get along and we are all around the same age that means that we grew up super close together.,2025-03-11 21:19:20.708399
183,7954959823,You find a wallet on the street with a large sum of money but no ID. What do you do?,If there is no id and no way to identify to who this money belong than I will consider it as a gift from god.,2025-03-11 21:19:53.644172
184,7954959823,What is your happiest childhood memory?,My happiest childhood memory is new year eve with all my cousins. We all got together played some games and watched movies danced and laughed.,2025-03-11 21:23:59.852697
185,7954959823,"If you had one day to do anything you wanted, how would you spend it?","I will spend it with my family, girlfriend and friends having a big lunch and bbq in a beach house in Tunisia enjoying the beach the sun, the drinks and the good company.",2025-03-11 21:25:38.667010
186,7972368656,"If your family were a TV show, what genre would it be (comedy, drama, adventure) and why?","Fuller House: Everyone gets involved in each other’s business, but always with good intentions and without judgment.",2025-03-11 21:30:48.147158
187,7972368656,A colleague takes credit for your idea in a meeting. How do you react?,It will be frustrating and inwill be mad.  I will talk to my colleague afterward to address the situation and make sure my contributions are recognized.,2025-03-11 21:32:16.599783
188,7972368656,What’s something you learned from your parents or guardians that you still apply today?,Always respect everyone. No matter who they are,2025-03-11 21:34:54.084542
189,7972368656,Is there a cause or issue that you deeply care about?,The Palestinian cause: There is a lot of injustice surrounding the situation.  Everyone deserves to live in safety and dignity.,2025-03-11 21:37:24.431816
190,7972368656,"If you could have dinner with your past or future self, which one would you choose?",Future self: I would want to know if I have any regrets about the choices I made in my life and  change certain decisions before it’s too late,2025-03-11 21:41:33.448366
191,7796093064,"You’re in a competition, and you realize that cheating could guarantee you a win. Do you take the risk?","If its a game with some friends i would take a risk but if it’s a serious competition i wouldn’t take the risk , especially that i want to win FairPlay",2025-03-12 21:08:46.733917
192,7796093064,"Do you enjoy solving puzzles and challenges, or do they frustrate you?","it depends, I like challenges more than puzzles but small ones because I don’t have a lot of patience",2025-03-12 21:09:14.361996
193,7796093064,"What role do you usually take in your family (e.g., the mediator, the leader, the quiet one)?",The funny one,2025-03-12 21:09:22.447058
194,7972368656,"In times of stress or difficulty, do you turn to your family for support?",Yes. My family is a great source of moral support for me. They help me calm down and stay organized.,2025-03-12 21:09:29.763283
195,7796093064,"A friend asks for your honest opinion on something, but you know the truth might hurt them. How do you respond?",I would tell them the truth I am very honest person and I hate laying,2025-03-12 21:09:36.448242
196,7796093064,A friend confides in you about something illegal they did. Do you keep their secret?,"It depends on how illegal it is, i would just rather not know",2025-03-12 21:09:55.498800
197,7972368656,A stranger insults you for no reason. Do you ignore them or respond?,I would ignore them. Reacting might give them the satisfaction they are looking for,2025-03-12 21:10:41.057715
198,7972368656,You find out that a friend has been talking about you behind your back. What do you do?,"I ignore it, but I no longer give them any importance. I remove them from my list of friends and no longer trust them.",2025-03-12 21:12:21.211723
199,7972368656,What’s a moment in your life that completely changed your perspective on something?,"My best friend’s illness. Life is short, and we never know what it has in store for us. We need to enjoy it and surround ourselves with the people we love.",2025-03-12 21:15:17.123226
200,7972368656,Is there a family tradition that holds special meaning for you?,"Sunday lunch at my grandmother’s house. The whole family gathers, we eat well, talk about everything, and share lots of laughter.",2025-03-12 21:16:48.174812
201,7796093064,"In times of stress or difficulty, do you turn to your family for support?",Yes I am a very stressed person so whenever I feel anxious I’ll go to them so they can calm me down,2025-03-13 12:38:09.637997
202,7796093064,Imagine your friend just told you they failed something important to them. What would you say to comfort them?,"I’ll try to cheer them up, go do something fun to change their thought , and tell them that’s how you learn and it’s only something small and they will do better next time",2025-03-13 12:38:53.565290
203,7796093064,You strongly disagree with a friend’s political or social views. Do you argue or avoid the topic?,It depend if I am going to learn something I’ll argue if he’s a stubborn person I’ll just avoid any topic related,2025-03-13 12:39:20.591351
204,7796093064,What’s the first memory you can clearly remember?,I don’t know,2025-03-13 12:39:32.986158
205,7796093064,"You’re about to achieve a big goal, but an unexpected obstacle appears. Do you push through or adjust your expectations?",It depends if I am psychologically weak I’ll adjust my expectations and if I am ok mentally and I can keep going I’ll push through,2025-03-13 12:40:14.154225
206,7972368656,How do you typically show love and appreciation to your family?,With hugs and loving words. I will hug them 10 times a day and tell them I love them every hour.,2025-03-13 17:39:19.303276
207,7972368656,"If you were a fictional character, who would you be?","I would be Elizabeth Bennet from the book Pride and Prejudice. She is intelligent, independent, and has a strong personality. She is not afraid to speak her mind and stand up for what she believes in.",2025-03-13 17:41:18.074797
208,7972368656,"If you could meet any historical figure, who would it be and why?","Cleopatra: Meeting her would be an amazing opportunity to understand her leadership, her vision for Egypt, and the strength of her character",2025-03-13 17:43:08.253756
209,7972368656,"Do you enjoy solving puzzles and challenges, or do they frustrate you?","At first, I love it. They are exciting and make me think. But if I can’t find the solution quickly, I get very frustrated. It annoys me when I feel stuck, and I just give up.",2025-03-13 17:45:01.629844
210,7972368656,"You’ve been training hard for something, but at the last moment, someone else takes your spot. How do you react?","I would feel very bad inside because I worked hard. It would be disappointing and frustrating, but I wouldn’t show my feelings to the other person.",2025-03-13 17:45:34.073027
211,7954959823,Your boss gives you credit for work that a colleague actually did. Do you correct them?,Yes ! If I receives credits for something I didn’t do I will correct it because I consider that everyone needs to be recognized for their work,2025-03-13 20:36:48.144421
212,7954959823,What’s a moment in your life that completely changed your perspective on something?,"Moving to Canada changed my perspective on life. It was a life experience that changed my way to see everything because when you live alone far from everyone, it gets hard mentally and you start learning the value of everything you had and you will learn to cherish them.",2025-03-13 20:38:12.162534
213,7954959823,Are you more of a listener or a talker in conversations?,I am more of a listener in a conversation.,2025-03-13 20:38:50.642543
214,7954959823,You catch someone lying to you. Do you confront them immediately or let it go?,If I catch someone lying to me I will confront them immediately if we are in a private space and I am talking to him face to face. If we are discussing something in front of lot of people I will let it go and confront him later.,2025-03-13 20:40:44.498165
215,7954959823,Someone criticizes your work harshly. Do you take it personally or use it as motivation?,It depends on who criticizes my work. If it is my manager I will take as a motivation if it is someone that has no relation to my work I will take personally because they don’t have to criticize something that they have no knowledge about.,2025-03-13 20:43:23.559263
216,7796093064,"If your family were a TV show, what genre would it be (comedy, drama, adventure) and why?",I would chose comedy  because they are fun pleasant,2025-03-14 12:30:50.634891
217,7796093064,"When traveling, do you prefer quiet places or lively destinations?","Lively destination where chaos reigns, places like Istanbul",2025-03-14 12:31:17.353267
218,7796093064,What’s one principle or belief you’ll never compromise on?,To always be there for my family,2025-03-14 12:31:34.208597
219,7796093064,Are you more of a listener or a talker in conversations?,It depends on my mood but mos most  the time I am a listener,2025-03-14 12:31:58.536383
220,7796093064,"You’re in a heated argument, and the other person refuses to back down. How do you de-escalate?",I just don’t answer anymore and let it go,2025-03-14 12:32:11.895783
221,7972368656,How do you usually react to constructive criticism?,"I take it very personally. I am a perfectionist, and I can’t help but blame myself if I don’t do well. Even if the criticism is meant to help, I often feel disappointed in myself.",2025-03-14 21:30:25.447355
222,7972368656,"If someone had to describe you with one sentence, what would they say?",Kind. I genuinely treat people with compassion.,2025-03-14 21:32:44.357966
223,7972368656,"If you suddenly won a huge amount of money, what would you do first?","I will give some money to my family and close ones. Then, I will donate to charities that are important to me, especially orphanages.",2025-03-14 21:34:18.147787
224,7972368656,Who was your childhood hero or role model?,My mother. She is a very strong person with a heart of gold. She is very empathetic and very intelligent.,2025-03-14 21:35:29.494878
225,7972368656,"Would you say you think more in words, images, or emotions?",I think mostly in words. It feels like I am talking to myself in my mind. Words help me organize my ideas clearly and logically.,2025-03-14 21:36:59.281706
226,7954959823,You’re given a leadership role in a project with a tight deadline. How do you organize the team?,I organize the team with people I can trust and mainly engineers. Because they have the sens of urgency and organization.,2025-03-14 21:39:01.963481
227,7954959823,Your boss gives you credit for work that a colleague actually did. Do you correct them?,Yes I correct them because everyone deserve to have credits for their work.,2025-03-14 21:40:13.702712
228,7954959823,How do you typically handle unexpected situations?,I usually take a step back and take a deep breath. Because with a calm mind I am more able to concentrate for unexpected situations and find solution faster.,2025-03-14 21:41:06.771078
229,7954959823,"You’re in a competition, and you realize that cheating could guarantee you a win. Do you take the risk?",No I don’t cheat. It is dishonest. If I can’t win with my full abilities then I don’t deserve to win. If I want to win I will work harder.,2025-03-14 21:43:51.674948
230,7954959823,You’ve been given a “reset” button for any part of your life. Would you use it? Why or why not?,No I won’t use it. I don’t have any regrets in my life and it is going exactly where I want it to go.,2025-03-14 21:44:14.091572
231,7796093064,Do you prefer spending time alone or with others?,"I prefer spending time with people I love, but sometimes I need my alone time to recharge my battery",2025-03-17 11:13:08.094360
232,7796093064,Do you like people to speak directly to you or use more nuanced expressions?,"I am an honest person, so I would like for people to speak directly to me and say whatever they want to say",2025-03-17 11:13:21.402706
233,7796093064,"You work hard on a project, but someone else gets praised for it. How do you respond?",I hope he’s gonna be honest and say that I help him but if he’s not like it’s fine and I’ll get credit for another project and for my self-esteem I know that I did it,2025-03-17 11:13:40.195695
234,7796093064,Do you prefer structured activities or free-flowing creativity?,"It really depends like when I need to travel I organize myself before, but when I’m in that city or a place I’m visiting I like to do free flowing things",2025-03-17 11:14:08.259652
235,7796093064,You find out that a friend has been talking about you behind your back. What do you do?,I will go to talk to them or just not talk to them at all anymore,2025-03-17 11:14:22.996022
236,7972368656,"If your family were a TV show, what genre would it be (comedy, drama, adventure) and why?","Fuller House: Everyone gets involved in each other’s business, but always with good intentions and without judgment.",2025-03-17 21:19:27.628453
237,7972368656,How do you handle stress or conflict?,"I don’t handle it very well. I am a very anxious person. In these situations, I try to take a moment for myself, reflect on the situation, and think about how to handle it peacefully.",2025-03-17 21:26:54.811156
238,7972368656,"You’re offered a dream opportunity, but it means leaving behind something important. What do you choose?","I stay. There will always be new opportunities, but the important people I love are irreplaceable.",2025-03-17 21:28:26.453904
239,7972368656,Do you prefer to talk about your emotions or process them internally?,"I process them internally. It’s not easy for me to express my feelings.
I prefer to deal with them on my own. I need time to process my emotions before talking about them.",2025-03-17 21:32:05.145974
240,7972368656,How important is loyalty to you in relationships?,"Loyalty is really important to me. When I share my secrets and emotions, I need to feel safe. Trust is the foundation of any relationship.",2025-03-17 21:33:57.266510
241,7796093064,"If you could instantly master any creative skill, what would it be?",I would love to know how to belly dance or sing,2025-03-18 13:01:43.757992
242,7796093064,"If you found a wallet full of money on the street with no ID, what would you do?",I would go to the closest police station and give it to them,2025-03-18 13:02:03.844574
243,7796093064,"A friend asks for your honest opinion on something, but you know the truth might hurt them. How do you respond?",I am an honest person so I would say the truth nicely,2025-03-18 13:02:26.705327
244,7796093064,"If your life was turned into a movie, what genre would it be and who would play you?",Comedy,2025-03-18 13:02:31.925528
245,7796093064,"Are you someone who enjoys deep thinking, or do you prefer action over contemplation?","I am a good mix of both, it depends on the situation is but sometimes I take directly action and sometimes I overthink a lot especially in more stressful situations",2025-03-18 13:03:30.497033
